kind,cell,n,min,max,mean,envelope_w1_plus_w3,finite,seed,bc_return,cql_return,bc_actions,cql_actions,comparison,observed_difference,ci_lower,ci_upper,ci_contains_zero,p_positive,bc_delta_from_normal,cql_delta_from_normal
reward_stats,adapt_drought_gw5,30000.0,-5.681143283843994,1.5,0.6349101917012964,1.5,True,,,,,,,,,,,,,
per_seed,adapt_drought_gw5,,,,,,,42.0,13.263046167209907,13.177334083694012,"[1137, 4509, 2246, 1808, 300]","[1034, 4543, 2277, 1885, 261]",adapt_drought_gw5_s42,-0.08571208351589601,-0.217081167748696,0.02426116397598385,True,0.0706,0.14111261049277424,0.09137130854911923
per_seed,adapt_drought_gw5,,,,,,,123.0,13.037127585559183,13.143584854351152,"[1478, 4553, 1991, 1604, 374]","[1297, 4769, 2016, 1676, 242]",adapt_drought_gw5_s123,0.10645726879197233,-0.004350451203388214,0.22487187497034505,True,0.9696,0.007645515985744922,0.07124124825802092
per_seed,adapt_drought_gw5,,,,,,,2024.0,13.272107515007262,13.246438741831781,"[1444, 4424, 2203, 1606, 323]","[1307, 4453, 2275, 1754, 211]",adapt_drought_gw5_s2024,-0.025668773175477274,-0.14958432866964336,0.08796203388498457,True,0.3522,0.1791060485620335,0.062378290335162845
pooled,adapt_drought_gw5,,,,,,,,13.190760422592117,13.189119226625653,,,adapt_drought_gw5_pooled,-0.0016411959664669833,-0.07212838992862299,0.06733133168404122,True,0.4896,0.10928805834685029,0.07499694904744025
reward_stats,adapt_drought_gw15,30000.0,-11.642565727233887,1.4224313497543335,-0.296382438167196,1.5,True,,,,,,,,,,,,,
per_seed,adapt_drought_gw15,,,,,,,42.0,-2.7378491769909576,-2.6620640295265967,"[1121, 4510, 2260, 1810, 299]","[1060, 4631, 2232, 1853, 224]",adapt_drought_gw15_s42,0.0757851474643611,-0.22783669069147147,0.33445407982284014,True,0.7158,-0.6735145659558444,-0.5657494554267792
per_seed,adapt_drought_gw15,,,,,,,123.0,-1.523851902814028,-0.9328415095154886,"[1505, 4531, 2025, 1587, 352]","[1354, 4802, 2052, 1667, 125]",adapt_drought_gw15_s123,0.5910103932985395,0.19725616032836554,0.9746304928570765,False,0.9964,-0.39511049502435136,-0.49602666964788544
per_seed,adapt_drought_gw15,,,,,,,2024.0,-1.9853017943144964,-1.520562173899475,"[1416, 4416, 2224, 1623, 321]","[1363, 4584, 2221, 1645, 187]",adapt_drought_gw15_s2024,0.46473962041502154,0.26509111283123776,0.6638704613258976,False,1.0,-0.49602536053091195,-0.6573445058781273
pooled,adapt_drought_gw15,,,,,,,,-2.0823342913731606,-1.7051559043138536,,,adapt_drought_gw15_pooled,0.3771783870593074,0.19956172793989785,0.5483333766850202,False,1.0,-0.5215501405037024,-0.5730402103175976
reward_stats,adapt_drought_gw25,30000.0,-19.23603057861328,0.12106472998857498,-2.888316667039025,1.5,True,,,,,,,,,,,,,
per_seed,adapt_drought_gw25,,,,,,,42.0,-51.035734666371454,-48.895505926429635,"[1138, 4499, 2255, 1805, 303]","[1072, 4849, 2190, 1864, 25]",adapt_drought_gw25_s42,2.1402287399418283,1.5790762391733046,2.740512520482672,False,1.0,-1.673267557444916,-1.7235691039211147
per_seed,adapt_drought_gw25,,,,,,,123.0,-48.30828622793841,-45.78722749964961,"[1477, 4576, 1998, 1596, 353]","[1474, 4917, 2046, 1448, 115]",adapt_drought_gw25_s123,2.521058728288801,1.9878501059881315,3.1116616247051883,False,1.0,-1.5189304231798104,-1.4791053237381746
per_seed,adapt_drought_gw25,,,,,,,2024.0,-48.49612799827921,-46.8440518521435,"[1462, 4414, 2227, 1597, 300]","[1396, 4704, 2139, 1761, 0]",adapt_drought_gw25_s2024,1.652076146135712,0.9497168713551818,2.3077144080628806,False,1.0,-1.3025092488407282,-1.3483745253909731
pooled,adapt_drought_gw25,,,,,,,,-49.280049630863026,-47.17559509274092,,,adapt_drought_gw25_pooled,2.104454538122114,1.7401633153222735,2.4680400650598986,False,1.0,-1.4982357431551563,-1.517016317683428
reward_stats,adapt_normal_gw5,30000.0,-5.566197872161865,1.5,0.6252807188483024,1.5,True,,,,,,,,,,,,,
per_seed,adapt_normal_gw5,,,,,,,42.0,13.121933556717133,13.085962775144893,"[1151, 4501, 2257, 1781, 310]","[1018, 4576, 2279, 1875, 252]",adapt_normal_gw5_s42,-0.035970781572240484,-0.11567155195922577,0.04090046892167926,True,0.1816,0.0,0.0
per_seed,adapt_normal_gw5,,,,,,,123.0,13.029482069573438,13.072343606093131,"[1499, 4566, 1983, 1602, 350]","[1296, 4810, 2027, 1627, 240]",adapt_normal_gw5_s123,0.04286153651969524,-0.09400630760296008,0.16774603648773043,True,0.7562,0.0,0.0
per_seed,adapt_normal_gw5,,,,,,,2024.0,13.093001466445228,13.184060451496618,"[1450, 4368, 2248, 1621, 313]","[1330, 4525, 2226, 1719, 200]",adapt_normal_gw5_s2024,0.09105898505139137,-0.00018092529312696266,0.1769967606417692,True,0.9748,0.0,0.0
pooled,adapt_normal_gw5,,,,,,,,13.081472364245268,13.114122277578215,,,adapt_normal_gw5_pooled,0.0326499133329487,-0.026663137626316433,0.08910161857213382,True,0.8634,1.7763568394002505e-15,1.7763568394002505e-15
reward_stats,adapt_normal_gw15,30000.0,-11.478933334350586,1.4016116857528687,-0.27228013190440375,1.5,True,,,,,,,,,,,,,
per_seed,adapt_normal_gw15,,,,,,,42.0,-2.0643346110351133,-2.0963145740998175,"[1157, 4496, 2264, 1793, 290]","[1051, 4666, 2235, 1811, 237]",adapt_normal_gw15_s42,-0.03197996306470422,-0.339695216820669,0.22983549639337425,True,0.4346,0.0,0.0
per_seed,adapt_normal_gw15,,,,,,,123.0,-1.1287414077896767,-0.43681483986760317,"[1468, 4574, 2017, 1611, 330]","[1350, 4817, 2058, 1619, 156]",adapt_normal_gw15_s123,0.6919265679220739,0.45877032932587997,0.9420218151416576,False,1.0,0.0,0.0
per_seed,adapt_normal_gw15,,,,,,,2024.0,-1.4892764337835844,-0.8632176680213477,"[1449, 4370, 2229, 1650, 302]","[1354, 4634, 2243, 1561, 208]",adapt_normal_gw15_s2024,0.6260587657622366,0.37654297451528657,0.879155159685576,False,1.0,0.0,0.0
pooled,adapt_normal_gw15,,,,,,,,-1.560784150869458,-1.1321156939962562,,,adapt_normal_gw15_pooled,0.4286684568732021,0.26560783861933207,0.5806962014456754,False,1.0,2.220446049250313e-16,-2.220446049250313e-16
reward_stats,adapt_normal_gw25,30000.0,-19.017539978027344,0.11303640902042389,-2.823499895325232,1.5,True,,,,,,,,,,,,,
per_seed,adapt_normal_gw25,,,,,,,42.0,-49.36246710892654,-47.17193682250852,"[1155, 4507, 2251, 1786, 301]","[1091, 4935, 2165, 1709, 100]",adapt_normal_gw25_s42,2.1905302864180247,1.6276864862918847,2.777976529752365,False,1.0,0.0,0.0
per_seed,adapt_normal_gw25,,,,,,,123.0,-46.7893558047586,-44.308122175911436,"[1478, 4586, 1981, 1581, 374]","[1437, 5013, 1985, 1425, 140]",adapt_normal_gw25_s123,2.4812336288471517,1.9651925585501695,3.0421343959579303,False,1.0,0.0,0.0
per_seed,adapt_normal_gw25,,,,,,,2024.0,-47.193618749438485,-45.49567732675253,"[1480, 4371, 2219, 1613, 317]","[1435, 4747, 2126, 1581, 111]",adapt_normal_gw25_s2024,1.6979414226859617,0.976747664685481,2.331287944322474,False,1.0,0.0,0.0
pooled,adapt_normal_gw25,,,,,,,,-47.78181388770787,-45.65857877505749,,,adapt_normal_gw25_pooled,2.1232351126503795,1.7694304579336249,2.4700952974496118,False,1.0,0.0,0.0
reward_stats,adapt_high_gw5,30000.0,-5.537289619445801,1.399999976158142,0.6143680999734399,1.5,True,,,,,,,,,,,,,
per_seed,adapt_high_gw5,,,,,,,42.0,12.943993638184322,12.872120497870206,"[1137, 4524, 2261, 1819, 259]","[1022, 4595, 2276, 1863, 244]",adapt_high_gw5_s42,-0.07187314031411776,-0.1557289189370465,-0.0007434948232164974,False,0.0234,-0.177939918532811,-0.2138422772746864
per_seed,adapt_high_gw5,,,,,,,123.0,12.689619751243841,12.89545379468121,"[1492, 4553, 1999, 1596, 360]","[1294, 4832, 2039, 1614, 221]",adapt_high_gw5_s123,0.20583404343736753,0.10454818824460761,0.30336480371810787,False,0.9998,-0.33986231832959746,-0.17688981141192173
per_seed,adapt_high_gw5,,,,,,,2024.0,12.911356002899684,13.01286075243602,"[1439, 4420, 2243, 1604, 294]","[1329, 4561, 2222, 1713, 175]",adapt_high_gw5_s2024,0.10150474953633822,-0.027492895872052683,0.21226605848701727,True,0.9428,-0.18164546354554467,-0.1711996990605993
pooled,adapt_high_gw5,,,,,,,,12.848323130775949,12.926811681662478,,,adapt_high_gw5_pooled,0.07848855088652933,0.017952333164721473,0.13623250174172394,False,0.9948,-0.2331492334693177,-0.18731059591573462
reward_stats,adapt_high_gw15,30000.0,-11.4110746383667,1.3075792789459229,-0.25683632241877324,1.5,True,,,,,,,,,,,,,
per_seed,adapt_high_gw15,,,,,,,42.0,-2.363566617435354,-1.756948407958567,"[1110, 4502, 2260, 1774, 354]","[1059, 4665, 2248, 1809, 219]",adapt_high_gw15_s42,0.6066182094767871,0.4318216153468935,0.7991639091367896,False,1.0,-0.2992320064002407,0.33936616614125037
per_seed,adapt_high_gw15,,,,,,,123.0,-0.8335110569904408,0.0392643199866539,"[1505, 4571, 1998, 1590, 336]","[1353, 4825, 2071, 1662, 89]",adapt_high_gw15_s123,0.8727753769770947,0.5047897938688454,1.2180129200136045,False,1.0,0.2952303507992359,0.4760791598542571
per_seed,adapt_high_gw15,,,,,,,2024.0,-1.038253421492995,-0.47371205200004013,"[1480, 4353, 2258, 1622, 287]","[1368, 4641, 2271, 1533, 187]",adapt_high_gw15_s2024,0.5645413694929551,0.19621471853851766,0.8680239757833957,False,0.9974,0.4510230122905894,0.38950561602130757
pooled,adapt_high_gw15,,,,,,,,-1.4117770319729301,-0.730465379990651,,,adapt_high_gw15_pooled,0.681311651982279,0.50193880771646,0.8523187162848805,False,1.0,0.14900711889652807,0.401650314005605
reward_stats,adapt_high_gw25,30000.0,-18.905794143676758,0.0468948595225811,-2.7754229627088187,1.5,True,,,,,,,,,,,,,
per_seed,adapt_high_gw25,,,,,,,42.0,-48.51572452693983,-46.28501372773597,"[1143, 4528, 2249, 1799, 281]","[1082, 4900, 2153, 1790, 75]",adapt_high_gw25_s42,2.230710799203846,1.697454348176684,2.793119321226839,False,1.0,0.8467425819867103,0.8869230947725484
per_seed,adapt_high_gw25,,,,,,,123.0,-45.64475188739363,-42.96931374238893,"[1488, 4599, 2005, 1587, 321]","[1462, 4967, 2104, 1338, 129]",adapt_high_gw25_s123,2.6754381450047076,2.080870617104671,3.2860552269204817,False,1.0,1.144603917364968,1.3388084335225088
per_seed,adapt_high_gw25,,,,,,,2024.0,-46.712965656459886,-43.96766897139791,"[1445, 4370, 2245, 1615, 325]","[1429, 4701, 2195, 1675, 0]",adapt_high_gw25_s2024,2.7452966850619696,2.1314244888697575,3.379265974842713,False,1.0,0.48065309297859926,1.5280083553546149
pooled,adapt_high_gw25,,,,,,,,-46.957814023597784,-44.40733214717428,,,adapt_high_gw25_pooled,2.550481876423508,2.2035274223358163,2.89958953796077,False,1.0,0.8239998641100854,1.2512466278832122
