stratum,value,n_held_out,n_current_evaluable,current_coverage_pct,n_candidate_evaluable,candidate_coverage_pct
year,year=2013,2011,0,0.0,0,0.0
year,year=2014,2031,11,0.0054160512063023145,11,0.0054160512063023145
year,year=2015,2136,111,0.05196629213483146,111,0.05196629213483146
year,year=2016,1812,879,0.48509933774834435,879,0.48509933774834435
year,year=2017,2394,1639,0.6846282372598163,1639,0.6846282372598163
year,year=2018,1922,966,0.5026014568158168,966,0.5026014568158168
year,year=2019,2168,1601,0.7384686346863468,1601,0.7384686346863468
year,year=2020,1035,989,0.9555555555555556,989,0.9555555555555556
year,year=2021,564,564,1.0,564,1.0
season,season=monsoon,3749,308,0.08215524139770605,308,0.08215524139770605
season,season=post-monsoon,8758,5318,0.6072162594199589,5318,0.6072162594199589
season,season=pre-monsoon,3566,1134,0.31800336511497473,1134,0.31800336511497473
region,region=NE,4111,1839,0.4473364144976891,1839,0.4473364144976891
region,region=NW,3609,1588,0.4400110834026046,1588,0.4400110834026046
region,region=SE,4773,2014,0.42195684056149174,2014,0.42195684056149174
region,region=SW,3580,1319,0.3684357541899441,1319,0.3684357541899441
well_id,well_id=W_15.6167_77.6042,34,19,0.5588235294117647,19,0.5588235294117647
well_id,well_id=W_15.6228_75.0722,27,10,0.37037037037037035,10,0.37037037037037035
well_id,well_id=W_15.6278_74.1306,23,11,0.4782608695652174,11,0.4782608695652174
well_id,well_id=W_15.6694_80.1708,29,10,0.3448275862068966,10,0.3448275862068966
well_id,well_id=W_15.7081_73.7514,27,8,0.2962962962962963,8,0.2962962962962963
well_id,well_id=W_15.7086_73.855,29,9,0.3103448275862069,9,0.3103448275862069
well_id,well_id=W_15.7139_75.37,2,0,0.0,0,0.0
well_id,well_id=W_15.7147_80.2372,10,3,0.3,3,0.3
well_id,well_id=W_15.7333_76.0583,30,10,0.3333333333333333,10,0.3333333333333333
well_id,well_id=W_15.7556_75.1097,29,11,0.3793103448275862,11,0.3793103448275862
well_id,well_id=W_15.7556_75.2514,31,10,0.3225806451612903,10,0.3225806451612903
well_id,well_id=W_15.75_75.6514,27,9,0.3333333333333333,9,0.3333333333333333
well_id,well_id=W_15.7689_74.5583,31,10,0.3225806451612903,10,0.3225806451612903
well_id,well_id=W_15.7778_76.7653,27,10,0.37037037037037035,10,0.37037037037037035
well_id,well_id=W_15.7889_76.5083,9,0,0.0,0,0.0
well_id,well_id=W_15.7972_80.4108,25,9,0.36,9,0.36
well_id,well_id=W_15.8017_79.6783,28,8,0.2857142857142857,8,0.2857142857142857
well_id,well_id=W_15.8056_78.0397,14,10,0.7142857142857143,10,0.7142857142857143
well_id,well_id=W_15.8222_79.975,26,8,0.3076923076923077,8,0.3076923076923077
well_id,well_id=W_15.8389_76.4583,21,7,0.3333333333333333,7,0.3333333333333333
well_id,well_id=W_15.8542_77.1208,25,11,0.44,11,0.44
well_id,well_id=W_15.8553_73.7822,20,9,0.45,9,0.45
well_id,well_id=W_15.85_73.65,30,9,0.3,9,0.3
well_id,well_id=W_15.85_75.1167,14,5,0.35714285714285715,5,0.35714285714285715
well_id,well_id=W_15.8667_73.8333,30,9,0.3,9,0.3
well_id,well_id=W_15.8675_74.2333,28,9,0.32142857142857145,9,0.32142857142857145
well_id,well_id=W_15.8833_78.65,28,12,0.42857142857142855,12,0.42857142857142855
well_id,well_id=W_15.8889_78.15,29,12,0.41379310344827586,12,0.41379310344827586
well_id,well_id=W_15.8928_73.6706,26,10,0.38461538461538464,10,0.38461538461538464
well_id,well_id=W_15.8947_74.6597,31,11,0.3548387096774194,11,0.3548387096774194
well_id,well_id=W_15.9189_76.8933,8,0,0.0,0,0.0
well_id,well_id=W_15.9333_75.3028,24,8,0.3333333333333333,8,0.3333333333333333
well_id,well_id=W_15.9375_77.3125,1,0,0.0,0,0.0
well_id,well_id=W_15.9389_79.9589,24,7,0.2916666666666667,7,0.2916666666666667
well_id,well_id=W_15.9581_73.6853,25,10,0.4,10,0.4
well_id,well_id=W_15.9625_74.0017,26,8,0.3076923076923077,8,0.3076923076923077
well_id,well_id=W_15.9625_76.9528,29,10,0.3448275862068966,10,0.3448275862068966
well_id,well_id=W_15.9994_76.8931,28,10,0.35714285714285715,10,0.35714285714285715
well_id,well_id=W_15.9_74.9167,27,10,0.37037037037037035,10,0.37037037037037035
well_id,well_id=W_16.0083_79.6958,25,8,0.32,8,0.32
well_id,well_id=W_16.0167_76.4,17,3,0.17647058823529413,3,0.17647058823529413
well_id,well_id=W_16.0333_79.4417,27,8,0.2962962962962963,8,0.2962962962962963
well_id,well_id=W_16.0508_75.1878,29,12,0.41379310344827586,12,0.41379310344827586
well_id,well_id=W_16.0533_79.7483,29,8,0.27586206896551724,8,0.27586206896551724
well_id,well_id=W_16.0556_76.5667,13,0,0.0,0,0.0
well_id,well_id=W_16.0569_80.6975,24,9,0.375,9,0.375
well_id,well_id=W_16.05_76.05,4,0,0.0,0,0.0
well_id,well_id=W_16.0606_74.6511,18,6,0.3333333333333333,6,0.3333333333333333
well_id,well_id=W_16.0667_76.9917,29,11,0.3793103448275862,11,0.3793103448275862
well_id,well_id=W_16.0667_78.8681,24,9,0.375,9,0.375
well_id,well_id=W_16.0764_80.3083,25,7,0.28,7,0.28
well_id,well_id=W_16.0833_74.95,31,11,0.3548387096774194,11,0.3548387096774194
well_id,well_id=W_16.0853_80.1517,30,12,0.4,12,0.4
well_id,well_id=W_16.1275_78.0328,16,12,0.75,12,0.75
well_id,well_id=W_16.1333_74.5,24,9,0.375,9,0.375
well_id,well_id=W_16.15_75.0667,32,12,0.375,12,0.375
well_id,well_id=W_16.1606_77.9283,33,24,0.7272727272727273,24,0.7272727272727273
well_id,well_id=W_16.1681_80.7514,12,0,0.0,0,0.0
well_id,well_id=W_16.1694_74.4694,30,9,0.3,9,0.3
well_id,well_id=W_16.1_74.6997,31,11,0.3548387096774194,11,0.3548387096774194
well_id,well_id=W_16.1_76.2833,31,10,0.3225806451612903,10,0.3225806451612903
well_id,well_id=W_16.1_76.3083,17,0,0.0,0,0.0
well_id,well_id=W_16.2153_76.0958,29,9,0.3103448275862069,9,0.3103448275862069
well_id,well_id=W_16.2264_80.5142,28,10,0.35714285714285715,10,0.35714285714285715
well_id,well_id=W_16.2333_78.0042,38,20,0.5263157894736842,20,0.5263157894736842
well_id,well_id=W_16.2583_74.6583,32,10,0.3125,10,0.3125
well_id,well_id=W_16.26_80.4744,28,10,0.35714285714285715,10,0.35714285714285715
well_id,well_id=W_16.2833_74.6042,27,9,0.3333333333333333,9,0.3333333333333333
well_id,well_id=W_16.2833_76.1,29,10,0.3448275862068966,10,0.3448275862068966
well_id,well_id=W_16.2953_80.0219,25,13,0.52,13,0.52
well_id,well_id=W_16.2956_78.5639,19,12,0.631578947368421,12,0.631578947368421
well_id,well_id=W_16.3056_80.3739,35,16,0.45714285714285713,16,0.45714285714285713
well_id,well_id=W_16.325_74.6,8,4,0.5,4,0.5
well_id,well_id=W_16.3472_75.6222,6,5,0.8333333333333334,5,0.8333333333333334
well_id,well_id=W_16.3667_73.8,28,7,0.25,7,0.25
well_id,well_id=W_16.3719_73.4858,18,10,0.5555555555555556,10,0.5555555555555556
well_id,well_id=W_16.3747_78.82,18,12,0.6666666666666666,12,0.6666666666666666
well_id,well_id=W_16.3803_73.3803,29,9,0.3103448275862069,9,0.3103448275862069
well_id,well_id=W_16.3833_74.1833,25,8,0.32,8,0.32
well_id,well_id=W_16.3839_75.1517,30,12,0.4,12,0.4
well_id,well_id=W_16.3906_76.5072,24,11,0.4583333333333333,11,0.4583333333333333
well_id,well_id=W_16.3931_78.1469,18,12,0.6666666666666666,12,0.6666666666666666
well_id,well_id=W_16.39_78.3581,20,12,0.6,12,0.6
well_id,well_id=W_16.4006_76.9828,25,7,0.28,7,0.28
well_id,well_id=W_16.4039_80.1656,17,4,0.23529411764705882,4,0.23529411764705882
well_id,well_id=W_16.4042_74.3792,32,10,0.3125,10,0.3125
well_id,well_id=W_16.4064_80.1481,26,10,0.38461538461538464,10,0.38461538461538464
well_id,well_id=W_16.4278_79.8361,29,11,0.3793103448275862,11,0.3793103448275862
well_id,well_id=W_16.4333_74.7917,29,9,0.3103448275862069,9,0.3103448275862069
well_id,well_id=W_16.4356_80.5903,13,3,0.23076923076923078,3,0.23076923076923078
well_id,well_id=W_16.4361_79.7889,23,10,0.43478260869565216,10,0.43478260869565216
well_id,well_id=W_16.4517_74.0533,27,9,0.3333333333333333,9,0.3333333333333333
well_id,well_id=W_16.4597_79.9194,45,17,0.37777777777777777,17,0.37777777777777777
well_id,well_id=W_16.45_76.5125,16,2,0.125,2,0.125
well_id,well_id=W_16.4667_75.85,26,10,0.38461538461538464,10,0.38461538461538464
well_id,well_id=W_16.4667_76.6333,25,7,0.28,7,0.28
well_id,well_id=W_16.47_80.1383,29,10,0.3448275862068966,10,0.3448275862068966
well_id,well_id=W_16.4906_76.7469,2,0,0.0,0,0.0
well_id,well_id=W_16.4972_80.145,29,9,0.3103448275862069,9,0.3103448275862069
well_id,well_id=W_16.5517_79.5494,34,16,0.47058823529411764,16,0.47058823529411764
well_id,well_id=W_16.5542_79.55,3,0,0.0,0,0.0
well_id,well_id=W_16.5569_77.96,18,12,0.6666666666666666,12,0.6666666666666666
well_id,well_id=W_16.5569_80.8461,14,1,0.07142857142857142,1,0.07142857142857142
well_id,well_id=W_16.5583_79.3333,22,8,0.36363636363636365,8,0.36363636363636365
well_id,well_id=W_16.5661_80.4128,35,14,0.4,14,0.4
well_id,well_id=W_16.5667_76.6833,11,7,0.6363636363636364,7,0.6363636363636364
well_id,well_id=W_16.5667_76.8167,29,10,0.3448275862068966,10,0.3448275862068966
well_id,well_id=W_16.5772_75.9706,1,0,0.0,0,0.0
well_id,well_id=W_16.5781_78.5639,39,23,0.5897435897435898,23,0.5897435897435898
well_id,well_id=W_16.6069_73.5492,17,10,0.5882352941176471,10,0.5882352941176471
well_id,well_id=W_16.6108_78.3108,19,11,0.5789473684210527,11,0.5789473684210527
well_id,well_id=W_16.6333_76.2583,28,9,0.32142857142857145,9,0.32142857142857145
well_id,well_id=W_16.6417_75.075,31,11,0.3548387096774194,11,0.3548387096774194
well_id,well_id=W_16.6667_77.6667,4,0,0.0,0,0.0
well_id,well_id=W_16.6706_75.8425,21,4,0.19047619047619047,4,0.19047619047619047
well_id,well_id=W_16.6714_77.3208,15,5,0.3333333333333333,5,0.3333333333333333
well_id,well_id=W_16.6814_75.7336,25,10,0.4,10,0.4
well_id,well_id=W_16.6911_78.9189,34,15,0.4411764705882353,15,0.4411764705882353
well_id,well_id=W_16.7072_76.8311,25,9,0.36,9,0.36
well_id,well_id=W_16.725_79.2069,34,18,0.5294117647058824,18,0.5294117647058824
well_id,well_id=W_16.725_79.6417,1,0,0.0,0,0.0
well_id,well_id=W_16.7336_74.8375,31,10,0.3225806451612903,10,0.3225806451612903
well_id,well_id=W_16.7381_74.6042,11,7,0.6363636363636364,7,0.6363636363636364
well_id,well_id=W_16.75_77.1167,1,1,1.0,1,1.0
well_id,well_id=W_16.7667_77.2167,3,0,0.0,0,0.0
well_id,well_id=W_16.7811_73.9861,21,6,0.2857142857142857,6,0.2857142857142857
well_id,well_id=W_16.7819_74.0794,7,0,0.0,0,0.0
well_id,well_id=W_16.7889_80.7242,11,2,0.18181818181818182,2,0.18181818181818182
well_id,well_id=W_16.7_74.0167,29,9,0.3103448275862069,9,0.3103448275862069
well_id,well_id=W_16.7_76.0667,29,10,0.3448275862068966,10,0.3448275862068966
well_id,well_id=W_16.8028_77.9333,32,18,0.5625,18,0.5625
well_id,well_id=W_16.8167_77.5,14,2,0.14285714285714285,2,0.14285714285714285
well_id,well_id=W_16.825_79.7486,1,0,0.0,0,0.0
well_id,well_id=W_16.8383_74.5878,26,7,0.2692307692307692,7,0.2692307692307692
well_id,well_id=W_16.85_75.7,27,8,0.2962962962962963,8,0.2962962962962963
well_id,well_id=W_16.8647_80.09,14,5,0.35714285714285715,5,0.35714285714285715
well_id,well_id=W_16.8667_76.15,17,7,0.4117647058823529,7,0.4117647058823529
well_id,well_id=W_16.8667_79.8833,30,11,0.36666666666666664,11,0.36666666666666664
well_id,well_id=W_16.8694_75.275,31,12,0.3870967741935484,12,0.3870967741935484
well_id,well_id=W_16.8861_73.4444,29,9,0.3103448275862069,9,0.3103448275862069
well_id,well_id=W_16.9014_80.0958,27,11,0.4074074074074074,11,0.4074074074074074
well_id,well_id=W_16.9028_75.1194,30,11,0.36666666666666664,11,0.36666666666666664
well_id,well_id=W_16.9169_74.5669,29,8,0.27586206896551724,8,0.27586206896551724
well_id,well_id=W_16.9247_79.7325,24,7,0.2916666666666667,7,0.2916666666666667
well_id,well_id=W_16.925_77.7917,25,11,0.44,11,0.44
well_id,well_id=W_16.9308_75.8478,30,10,0.3333333333333333,10,0.3333333333333333
well_id,well_id=W_16.9322_79.6392,23,11,0.4782608695652174,11,0.4782608695652174
well_id,well_id=W_16.9447_78.1781,27,10,0.37037037037037035,10,0.37037037037037035
well_id,well_id=W_16.9558_79.9719,16,11,0.6875,11,0.6875
well_id,well_id=W_16.9583_74.7428,21,6,0.2857142857142857,6,0.2857142857142857
well_id,well_id=W_16.9667_77.6,6,0,0.0,0,0.0
well_id,well_id=W_16.9808_74.1197,18,8,0.4444444444444444,8,0.4444444444444444
well_id,well_id=W_16.9886_77.7172,1,0,0.0,0,0.0
well_id,well_id=W_16.9972_79.9667,36,17,0.4722222222222222,17,0.4722222222222222
well_id,well_id=W_17.0167_74.775,24,6,0.25,6,0.25
well_id,well_id=W_17.0167_76.4333,29,9,0.3103448275862069,9,0.3103448275862069
well_id,well_id=W_17.02_80.555,28,8,0.2857142857142857,8,0.2857142857142857
well_id,well_id=W_17.0417_80.65,35,14,0.4,14,0.4
well_id,well_id=W_17.0447_79.0447,25,12,0.48,12,0.48
well_id,well_id=W_17.0489_78.3956,10,1,0.1,1,0.1
well_id,well_id=W_17.0508_74.2333,29,8,0.27586206896551724,8,0.27586206896551724
well_id,well_id=W_17.0572_74.8644,26,8,0.3076923076923077,8,0.3076923076923077
well_id,well_id=W_17.0583_75.3167,25,11,0.44,11,0.44
well_id,well_id=W_17.05_75.2167,28,11,0.39285714285714285,11,0.39285714285714285
well_id,well_id=W_17.0667_78.4306,30,11,0.36666666666666664,11,0.36666666666666664
well_id,well_id=W_17.075_79.0764,29,9,0.3103448275862069,9,0.3103448275862069
well_id,well_id=W_17.075_79.1117,30,11,0.36666666666666664,11,0.36666666666666664
well_id,well_id=W_17.0833_75.9667,8,1,0.125,1,0.125
well_id,well_id=W_17.0925_79.7764,28,11,0.39285714285714285,11,0.39285714285714285
well_id,well_id=W_17.095_78.8917,15,3,0.2,3,0.2
well_id,well_id=W_17.1083_76.6167,29,12,0.41379310344827586,12,0.41379310344827586
well_id,well_id=W_17.1083_80.6083,36,19,0.5277777777777778,19,0.5277777777777778
well_id,well_id=W_17.1153_75.7875,8,2,0.25,2,0.25
well_id,well_id=W_17.1203_78.1594,48,18,0.375,18,0.375
well_id,well_id=W_17.1222_74.0292,21,7,0.3333333333333333,7,0.3333333333333333
well_id,well_id=W_17.1308_74.0339,21,9,0.42857142857142855,9,0.42857142857142855
well_id,well_id=W_17.1333_76.3,30,12,0.4,12,0.4
well_id,well_id=W_17.1439_79.6067,23,11,0.4782608695652174,11,0.4782608695652174
well_id,well_id=W_17.1583_78.7083,24,9,0.375,9,0.375
well_id,well_id=W_17.15_74.95,16,8,0.5,8,0.5
well_id,well_id=W_17.1642_73.2694,28,11,0.39285714285714285,11,0.39285714285714285
well_id,well_id=W_17.1667_76.7833,5,2,0.4,2,0.4
well_id,well_id=W_17.1792_77.2847,26,9,0.34615384615384615,9,0.34615384615384615
well_id,well_id=W_17.1867_80.5086,27,16,0.5925925925925926,16,0.5925925925925926
well_id,well_id=W_17.2111_76.8903,5,0,0.0,0,0.0
well_id,well_id=W_17.2114_80.5339,17,9,0.5294117647058824,9,0.5294117647058824
well_id,well_id=W_17.2158_76.5731,28,12,0.42857142857142855,12,0.42857142857142855
well_id,well_id=W_17.21_77.6378,24,11,0.4583333333333333,11,0.4583333333333333
well_id,well_id=W_17.225_75.1583,3,0,0.0,0,0.0
well_id,well_id=W_17.225_80.05,25,9,0.36,9,0.36
well_id,well_id=W_17.2278_79.5731,20,11,0.55,11,0.55
well_id,well_id=W_17.2347_73.2722,29,10,0.3448275862068966,10,0.3448275862068966
well_id,well_id=W_17.2583_76.6361,28,10,0.35714285714285715,10,0.35714285714285715
well_id,well_id=W_17.2583_78.3986,58,23,0.39655172413793105,23,0.39655172413793105
well_id,well_id=W_17.25_76.3167,8,0,0.0,0,0.0
well_id,well_id=W_17.2636_80.4297,29,13,0.4482758620689655,13,0.4482758620689655
well_id,well_id=W_17.2647_74.7186,11,8,0.7272727272727273,8,0.7272727272727273
well_id,well_id=W_17.2908_79.9239,36,17,0.4722222222222222,17,0.4722222222222222
well_id,well_id=W_17.2917_76.9583,27,12,0.4444444444444444,12,0.4444444444444444
well_id,well_id=W_17.3181_77.7781,30,12,0.4,12,0.4
well_id,well_id=W_17.3231_79.1578,23,16,0.6956521739130435,16,0.6956521739130435
well_id,well_id=W_17.3417_76.5889,30,11,0.36666666666666664,11,0.36666666666666664
well_id,well_id=W_17.3486_78.4861,12,0,0.0,0,0.0
well_id,well_id=W_17.3583_73.5333,26,9,0.34615384615384615,9,0.34615384615384615
well_id,well_id=W_17.3583_77.15,24,9,0.375,9,0.375
well_id,well_id=W_17.3583_78.3,17,2,0.11764705882352941,2,0.11764705882352941
well_id,well_id=W_17.3667_79.7167,14,8,0.5714285714285714,8,0.5714285714285714
well_id,well_id=W_17.36_77.6133,26,9,0.34615384615384615,9,0.34615384615384615
well_id,well_id=W_17.3708_78.5683,30,13,0.43333333333333335,13,0.43333333333333335
well_id,well_id=W_17.3778_77.2083,30,11,0.36666666666666664,11,0.36666666666666664
well_id,well_id=W_17.3833_78.4333,27,11,0.4074074074074074,11,0.4074074074074074
well_id,well_id=W_17.3944_75.2111,25,9,0.36,9,0.36
well_id,well_id=W_17.3956_78.8047,16,3,0.1875,3,0.1875
well_id,well_id=W_17.4161_74.9294,18,10,0.5555555555555556,10,0.5555555555555556
well_id,well_id=W_17.4183_78.5294,2,0,0.0,0,0.0
well_id,well_id=W_17.4369_78.5681,6,2,0.3333333333333333,2,0.3333333333333333
well_id,well_id=W_17.4417_76.6667,26,10,0.38461538461538464,10,0.38461538461538464
well_id,well_id=W_17.4417_78.5306,23,10,0.43478260869565216,10,0.43478260869565216
well_id,well_id=W_17.4528_78.4944,14,8,0.5714285714285714,8,0.5714285714285714
well_id,well_id=W_17.4564_77.7419,2,0,0.0,0,0.0
well_id,well_id=W_17.4619_77.6531,22,13,0.5909090909090909,13,0.5909090909090909
well_id,well_id=W_17.4625_78.4792,23,9,0.391304347826087,9,0.391304347826087
well_id,well_id=W_17.4728_77.2006,5,0,0.0,0,0.0
well_id,well_id=W_17.4833_73.35,30,10,0.3333333333333333,10,0.3333333333333333
well_id,well_id=W_17.4833_77.2333,29,11,0.3793103448275862,11,0.3793103448275862
well_id,well_id=W_17.4933_78.3581,38,20,0.5263157894736842,20,0.5263157894736842
well_id,well_id=W_17.4994_78.5139,15,4,0.26666666666666666,4,0.26666666666666666
well_id,well_id=W_17.5083_74.2272,1,0,0.0,0,0.0
well_id,well_id=W_17.5089_74.2278,27,10,0.37037037037037035,10,0.37037037037037035
well_id,well_id=W_17.5167_78.5125,22,15,0.6818181818181818,15,0.6818181818181818
well_id,well_id=W_17.5236_78.4428,6,1,0.16666666666666666,1,0.16666666666666666
well_id,well_id=W_17.5272_78.8831,28,17,0.6071428571428571,17,0.6071428571428571
well_id,well_id=W_17.5417_74.9583,25,9,0.36,9,0.36
well_id,well_id=W_17.5458_80.65,12,1,0.08333333333333333,1,0.08333333333333333
well_id,well_id=W_17.5633_77.6928,29,12,0.41379310344827586,12,0.41379310344827586
well_id,well_id=W_17.5706_80.5708,35,23,0.6571428571428571,23,0.6571428571428571
well_id,well_id=W_17.575_76.7583,31,13,0.41935483870967744,13,0.41935483870967744
well_id,well_id=W_17.5972_78.5792,31,18,0.5806451612903226,18,0.5806451612903226
well_id,well_id=W_17.6208_76.875,29,12,0.41379310344827586,12,0.41379310344827586
well_id,well_id=W_17.6333_77.4,14,6,0.42857142857142855,6,0.42857142857142855
well_id,well_id=W_17.6381_77.8781,17,14,0.8235294117647058,14,0.8235294117647058
well_id,well_id=W_17.6442_78.2797,15,12,0.8,12,0.8
well_id,well_id=W_17.65_75.4167,7,0,0.0,0,0.0
well_id,well_id=W_17.6667_77.5833,20,9,0.45,9,0.45
well_id,well_id=W_17.6667_78.6458,12,4,0.3333333333333333,4,0.3333333333333333
well_id,well_id=W_17.6694_78.9469,12,10,0.8333333333333334,10,0.8333333333333334
well_id,well_id=W_17.6708_79.325,57,25,0.43859649122807015,25,0.43859649122807015
well_id,well_id=W_17.6833_75.6667,27,10,0.37037037037037035,10,0.37037037037037035
well_id,well_id=W_17.6972_77.5278,31,12,0.3870967741935484,12,0.3870967741935484
well_id,well_id=W_17.6_74.2,28,9,0.32142857142857145,9,0.32142857142857145
well_id,well_id=W_17.7083_73.9806,25,9,0.36,9,0.36
well_id,well_id=W_17.7403_78.9222,19,11,0.5789473684210527,11,0.5789473684210527
well_id,well_id=W_17.7528_74.0514,24,9,0.375,9,0.375
well_id,well_id=W_17.7611_77.7139,30,12,0.4,12,0.4
well_id,well_id=W_17.7692_74.3308,19,11,0.5789473684210527,11,0.5789473684210527
well_id,well_id=W_17.7839_79.4083,59,25,0.423728813559322,25,0.423728813559322
well_id,well_id=W_17.7872_76.9331,27,11,0.4074074074074074,11,0.4074074074074074
well_id,well_id=W_17.8236_76.3336,20,11,0.55,11,0.55
well_id,well_id=W_17.8264_79.0158,37,23,0.6216216216216216,23,0.6216216216216216
well_id,well_id=W_17.8333_76.6833,28,11,0.39285714285714285,11,0.39285714285714285
well_id,well_id=W_17.8333_76.8667,28,11,0.39285714285714285,11,0.39285714285714285
well_id,well_id=W_17.8417_77.9778,15,9,0.6,9,0.6
well_id,well_id=W_17.8417_79.9333,30,12,0.4,12,0.4
well_id,well_id=W_17.8525_79.9903,26,10,0.38461538461538464,10,0.38461538461538464
well_id,well_id=W_17.8533_78.0661,16,13,0.8125,13,0.8125
well_id,well_id=W_17.8611_79.2819,31,12,0.3870967741935484,12,0.3870967741935484
well_id,well_id=W_17.8667_74.325,28,9,0.32142857142857145,9,0.32142857142857145
well_id,well_id=W_17.8681_73.7514,8,0,0.0,0,0.0
well_id,well_id=W_17.8778_77.4022,25,8,0.32,8,0.32
well_id,well_id=W_17.8811_79.7156,30,12,0.4,12,0.4
well_id,well_id=W_17.8953_75.575,19,12,0.631578947368421,12,0.631578947368421
well_id,well_id=W_17.8958_78.2083,31,19,0.6129032258064516,19,0.6129032258064516
well_id,well_id=W_17.9117_75.4322,29,11,0.3793103448275862,11,0.3793103448275862
well_id,well_id=W_17.9117_79.3339,30,13,0.43333333333333335,13,0.43333333333333335
well_id,well_id=W_17.9125_74.0917,1,0,0.0,0,0.0
well_id,well_id=W_17.9167_76.7667,27,11,0.4074074074074074,11,0.4074074074074074
well_id,well_id=W_17.9556_78.1889,31,20,0.6451612903225806,20,0.6451612903225806
well_id,well_id=W_17.9667_73.2333,28,12,0.42857142857142855,12,0.42857142857142855
well_id,well_id=W_17.9667_73.9833,27,8,0.2962962962962963,8,0.2962962962962963
well_id,well_id=W_17.9667_74.35,28,9,0.32142857142857145,9,0.32142857142857145
well_id,well_id=W_17.9917_77.325,21,8,0.38095238095238093,8,0.38095238095238093
well_id,well_id=W_18.0042_73.4,20,5,0.25,5,0.25
well_id,well_id=W_18.0108_74.3503,15,10,0.6666666666666666,10,0.6666666666666666
well_id,well_id=W_18.025_78.2194,37,27,0.7297297297297297,27,0.7297297297297297
well_id,well_id=W_18.0292_75.1917,23,9,0.391304347826087,9,0.391304347826087
well_id,well_id=W_18.0319_73.0806,28,13,0.4642857142857143,13,0.4642857142857143
well_id,well_id=W_18.0333_79.5347,31,13,0.41935483870967744,13,0.41935483870967744
well_id,well_id=W_18.0417_79.325,31,13,0.41935483870967744,13,0.41935483870967744
well_id,well_id=W_18.0575_78.1089,26,20,0.7692307692307693,20,0.7692307692307693
well_id,well_id=W_18.05_76.5667,30,10,0.3333333333333333,10,0.3333333333333333
well_id,well_id=W_18.0639_75.8958,9,7,0.7777777777777778,7,0.7777777777777778
well_id,well_id=W_18.0856_76.4022,17,12,0.7058823529411765,12,0.7058823529411765
well_id,well_id=W_18.0944_74.6111,31,10,0.3225806451612903,10,0.3225806451612903
well_id,well_id=W_18.0989_75.9708,12,9,0.75,9,0.75
well_id,well_id=W_18.0_79.5833,29,12,0.41379310344827586,12,0.41379310344827586
well_id,well_id=W_18.1083_78.5,11,5,0.45454545454545453,5,0.45454545454545453
well_id,well_id=W_18.1083_79.8333,10,0,0.0,0,0.0
well_id,well_id=W_18.1222_73.2156,28,13,0.4642857142857143,13,0.4642857142857143
well_id,well_id=W_18.125_80.725,38,20,0.5263157894736842,20,0.5263157894736842
well_id,well_id=W_18.15_73.975,27,8,0.2962962962962963,8,0.2962962962962963
well_id,well_id=W_18.1647_74.1686,28,11,0.39285714285714285,11,0.39285714285714285
well_id,well_id=W_18.1653_78.4081,10,7,0.7,7,0.7
well_id,well_id=W_18.1667_80.2083,37,17,0.4594594594594595,17,0.4594594594594595
well_id,well_id=W_18.1667_80.4,24,11,0.4583333333333333,11,0.4583333333333333
well_id,well_id=W_18.18_76.0453,29,12,0.41379310344827586,12,0.41379310344827586
well_id,well_id=W_18.1_77.2833,51,20,0.39215686274509803,20,0.39215686274509803
well_id,well_id=W_18.2053_80.2056,28,9,0.32142857142857145,9,0.32142857142857145
well_id,well_id=W_18.2114_77.425,22,10,0.45454545454545453,10,0.45454545454545453
well_id,well_id=W_18.2269_77.9375,4,0,0.0,0,0.0
well_id,well_id=W_18.2333_79.4417,30,10,0.3333333333333333,10,0.3333333333333333
well_id,well_id=W_18.2667_77.7833,28,12,0.42857142857142855,12,0.42857142857142855
well_id,well_id=W_18.2722_78.1278,34,19,0.5588235294117647,19,0.5588235294117647
well_id,well_id=W_18.28_78.06,23,8,0.34782608695652173,8,0.34782608695652173
well_id,well_id=W_18.2917_76.8,1,0,0.0,0,0.0
well_id,well_id=W_18.2917_77.2506,9,0,0.0,0,0.0
well_id,well_id=W_18.2958_78.8208,30,11,0.36666666666666664,11,0.36666666666666664
well_id,well_id=W_18.3028_73.2389,11,3,0.2727272727272727,3,0.2727272727272727
well_id,well_id=W_18.3092_79.1181,30,10,0.3333333333333333,10,0.3333333333333333
well_id,well_id=W_18.325_75.9639,23,9,0.391304347826087,9,0.391304347826087
well_id,well_id=W_18.3333_73.85,31,10,0.3225806451612903,10,0.3225806451612903
well_id,well_id=W_18.3536_76.805,28,12,0.42857142857142855,12,0.42857142857142855
well_id,well_id=W_18.3708_75.425,25,10,0.4,10,0.4
well_id,well_id=W_18.3_80.55,30,13,0.43333333333333335,13,0.43333333333333335
well_id,well_id=W_18.4333_73.2056,29,12,0.41379310344827586,12,0.41379310344827586
well_id,well_id=W_18.4417_79.0833,31,10,0.3225806451612903,10,0.3225806451612903
well_id,well_id=W_18.4458_79.2875,30,9,0.3,9,0.3
well_id,well_id=W_18.4514_77.7983,7,0,0.0,0,0.0
well_id,well_id=W_18.4528_74.7494,16,8,0.5,8,0.5
well_id,well_id=W_18.4556_76.0914,19,11,0.5789473684210527,11,0.5789473684210527
well_id,well_id=W_18.4583_74.8233,15,7,0.4666666666666667,7,0.4666666666666667
well_id,well_id=W_18.45_73.1,29,11,0.3793103448275862,11,0.3793103448275862
well_id,well_id=W_18.4828_76.5917,23,12,0.5217391304347826,12,0.5217391304347826
well_id,well_id=W_18.4872_74.0783,22,8,0.36363636363636365,8,0.36363636363636365
well_id,well_id=W_18.4931_75.4722,25,11,0.44,11,0.44
well_id,well_id=W_18.5144_76.1806,18,11,0.6111111111111112,11,0.6111111111111112
well_id,well_id=W_18.525_77.0417,26,10,0.38461538461538464,10,0.38461538461538464
well_id,well_id=W_18.5347_72.9833,30,10,0.3333333333333333,10,0.3333333333333333
well_id,well_id=W_18.5625_79.9208,39,16,0.41025641025641024,16,0.41025641025641024
well_id,well_id=W_18.5681_73.9833,6,0,0.0,0,0.0
well_id,well_id=W_18.5_77.6167,5,1,0.2,1,0.2
well_id,well_id=W_18.6069_72.9794,18,9,0.5,9,0.5
well_id,well_id=W_18.6147_75.5961,18,12,0.6666666666666666,12,0.6666666666666666
well_id,well_id=W_18.6167_76.9667,20,7,0.35,7,0.35
well_id,well_id=W_18.6486_79.2625,27,9,0.3333333333333333,9,0.3333333333333333
well_id,well_id=W_18.6561_77.1833,25,10,0.4,10,0.4
well_id,well_id=W_18.6747_79.3008,25,9,0.36,9,0.36
well_id,well_id=W_18.6806_78.0933,31,13,0.41935483870967744,13,0.41935483870967744
well_id,well_id=W_18.6878_76.3089,12,9,0.75,9,0.75
well_id,well_id=W_18.6914_74.1306,29,10,0.3448275862068966,10,0.3448275862068966
well_id,well_id=W_18.7072_75.2972,19,8,0.42105263157894735,8,0.42105263157894735
well_id,well_id=W_18.7322_78.8142,25,9,0.36,9,0.36
well_id,well_id=W_18.7333_75.3167,23,10,0.43478260869565216,10,0.43478260869565216
well_id,well_id=W_18.7528_74.6397,17,10,0.5882352941176471,10,0.5882352941176471
well_id,well_id=W_18.7636_78.6236,28,9,0.32142857142857145,9,0.32142857142857145
well_id,well_id=W_18.7667_79.4833,30,9,0.3,9,0.3
well_id,well_id=W_18.7833_78.9,53,17,0.32075471698113206,17,0.32075471698113206
well_id,well_id=W_18.7919_77.6267,14,9,0.6428571428571429,9,0.6428571428571429
well_id,well_id=W_18.7947_76.1953,24,11,0.4583333333333333,11,0.4583333333333333
well_id,well_id=W_18.7997_75.3644,12,8,0.6666666666666666,8,0.6666666666666666
well_id,well_id=W_18.7_78.4417,2,0,0.0,0,0.0
well_id,well_id=W_18.8111_78.7833,31,10,0.3225806451612903,10,0.3225806451612903
well_id,well_id=W_18.8306_74.0569,1,0,0.0,0,0.0
well_id,well_id=W_18.8361_79.6722,33,13,0.3939393939393939,13,0.3939393939393939
well_id,well_id=W_18.8583_79.0083,30,10,0.3333333333333333,10,0.3333333333333333
well_id,well_id=W_18.85_76.5333,17,6,0.35294117647058826,6,0.35294117647058826
well_id,well_id=W_18.8639_73.8972,29,10,0.3448275862068966,10,0.3448275862068966
well_id,well_id=W_18.8783_76.8494,25,10,0.4,10,0.4
well_id,well_id=W_18.8992_77.7233,26,10,0.38461538461538464,10,0.38461538461538464
well_id,well_id=W_18.9425_76.6475,25,11,0.44,11,0.44
well_id,well_id=W_18.9431_79.0958,29,12,0.41379310344827586,12,0.41379310344827586
well_id,well_id=W_18.9583_78.1722,16,3,0.1875,3,0.1875
well_id,well_id=W_18.9597_74.5389,28,11,0.39285714285714285,11,0.39285714285714285
well_id,well_id=W_18.9606_77.5761,19,11,0.5789473684210527,11,0.5789473684210527
well_id,well_id=W_18.9667_75.8833,27,13,0.48148148148148145,13,0.48148148148148145
well_id,well_id=W_18.9833_76.0333,29,14,0.4827586206896552,14,0.4827586206896552
well_id,well_id=W_18.9833_76.8667,28,12,0.42857142857142855,12,0.42857142857142855
well_id,well_id=W_19.0042_74.4014,27,11,0.4074074074074074,11,0.4074074074074074
well_id,well_id=W_19.0111_78.3878,26,10,0.38461538461538464,10,0.38461538461538464
well_id,well_id=W_19.0125_77.4144,27,12,0.4444444444444444,12,0.4444444444444444
well_id,well_id=W_19.0194_78.5833,27,12,0.4444444444444444,12,0.4444444444444444
well_id,well_id=W_19.0211_75.7583,22,13,0.5909090909090909,13,0.5909090909090909
well_id,well_id=W_19.0394_72.9261,11,7,0.6363636363636364,7,0.6363636363636364
well_id,well_id=W_19.0519_79.485,27,9,0.3333333333333333,9,0.3333333333333333
well_id,well_id=W_19.0569_75.4311,22,11,0.5,11,0.5
well_id,well_id=W_19.05_77.65,1,0,0.0,0,0.0
well_id,well_id=W_19.0667_73.925,21,6,0.2857142857142857,6,0.2857142857142857
well_id,well_id=W_19.0667_75.3167,27,12,0.4444444444444444,12,0.4444444444444444
well_id,well_id=W_19.0975_72.8431,12,7,0.5833333333333334,7,0.5833333333333334
well_id,well_id=W_19.1014_78.0967,21,4,0.19047619047619047,4,0.19047619047619047
well_id,well_id=W_19.1044_76.2125,27,11,0.4074074074074074,11,0.4074074074074074
well_id,well_id=W_19.1056_74.6306,27,10,0.37037037037037035,10,0.37037037037037035
well_id,well_id=W_19.1392_74.3872,26,11,0.4230769230769231,11,0.4230769230769231
well_id,well_id=W_19.1458_79.6667,34,18,0.5294117647058824,18,0.5294117647058824
well_id,well_id=W_19.1667_80.15,19,8,0.42105263157894735,8,0.42105263157894735
well_id,well_id=W_19.17_77.1333,11,2,0.18181818181818182,2,0.18181818181818182
well_id,well_id=W_19.1961_72.8097,11,7,0.6363636363636364,7,0.6363636363636364
well_id,well_id=W_19.1978_78.6422,37,20,0.5405405405405406,20,0.5405405405405406
well_id,well_id=W_19.2125_74.8056,21,4,0.19047619047619047,4,0.19047619047619047
well_id,well_id=W_19.2167_77.6833,28,12,0.42857142857142855,12,0.42857142857142855
well_id,well_id=W_19.2333_77.4333,27,12,0.4444444444444444,12,0.4444444444444444
well_id,well_id=W_19.25_73.3833,25,12,0.48,12,0.48
well_id,well_id=W_19.2661_76.8225,25,11,0.44,11,0.44
well_id,well_id=W_19.2747_75.7386,24,15,0.625,15,0.625
well_id,well_id=W_19.2833_72.95,29,10,0.3448275862068966,10,0.3448275862068966
well_id,well_id=W_19.3128_77.2331,26,12,0.46153846153846156,12,0.46153846153846156
well_id,well_id=W_19.3164_73.1589,17,11,0.6470588235294118,11,0.6470588235294118
well_id,well_id=W_19.325_76.6583,28,10,0.35714285714285715,10,0.35714285714285715
well_id,well_id=W_19.3417_78.7556,27,11,0.4074074074074074,11,0.4074074074074074
well_id,well_id=W_19.3478_72.7861,20,4,0.2,4,0.2
well_id,well_id=W_19.3581_79.4772,31,11,0.3548387096774194,11,0.3548387096774194
well_id,well_id=W_19.35_74.1958,16,5,0.3125,5,0.3125
well_id,well_id=W_19.35_78.3333,29,13,0.4482758620689655,13,0.4482758620689655
well_id,well_id=W_19.3681_76.4042,29,11,0.3793103448275862,11,0.3793103448275862
well_id,well_id=W_19.3792_72.7917,29,10,0.3448275862068966,10,0.3448275862068966
well_id,well_id=W_19.3889_74.6583,13,6,0.46153846153846156,6,0.46153846153846156
well_id,well_id=W_19.4022_72.8517,11,0,0.0,0,0.0
well_id,well_id=W_19.4167_77.8667,17,5,0.29411764705882354,5,0.29411764705882354
well_id,well_id=W_19.4208_77.8672,21,12,0.5714285714285714,12,0.5714285714285714
well_id,well_id=W_19.4292_72.8697,16,9,0.5625,9,0.5625
well_id,well_id=W_19.4333_77.15,24,10,0.4166666666666667,10,0.4166666666666667
well_id,well_id=W_19.4856_76.7225,27,12,0.4444444444444444,12,0.4444444444444444
well_id,well_id=W_19.4878_73.0253,17,9,0.5294117647058824,9,0.5294117647058824
well_id,well_id=W_19.5047_77.5997,18,12,0.6666666666666666,12,0.6666666666666666
well_id,well_id=W_19.5078_74.0886,3,1,0.3333333333333333,1,0.3333333333333333
well_id,well_id=W_19.5111_76.455,17,12,0.7058823529411765,12,0.7058823529411765
well_id,well_id=W_19.5125_78.5853,28,14,0.5,14,0.5
well_id,well_id=W_19.5167_75.6917,6,0,0.0,0,0.0
well_id,well_id=W_19.5175_75.6594,15,10,0.6666666666666666,10,0.6666666666666666
well_id,well_id=W_19.5228_75.8072,17,14,0.8235294117647058,14,0.8235294117647058
well_id,well_id=W_19.5333_77.6333,1,0,0.0,0,0.0
well_id,well_id=W_19.5333_80.0667,28,10,0.35714285714285715,10,0.35714285714285715
well_id,well_id=W_19.5417_77.0417,31,13,0.41935483870967744,13,0.41935483870967744
well_id,well_id=W_19.5889_73.3844,15,10,0.6666666666666666,10,0.6666666666666666
well_id,well_id=W_19.5961_74.8108,17,11,0.6470588235294118,11,0.6470588235294118
well_id,well_id=W_19.5_77.6667,29,12,0.41379310344827586,12,0.41379310344827586
well_id,well_id=W_19.6147_72.7336,12,7,0.5833333333333334,7,0.5833333333333334
well_id,well_id=W_19.6569_76.1222,5,0,0.0,0,0.0
well_id,well_id=W_19.6994_75.0064,29,11,0.3793103448275862,11,0.3793103448275862
well_id,well_id=W_19.6_76.2083,28,11,0.39285714285714285,11,0.39285714285714285
well_id,well_id=W_19.6_79.65,18,7,0.3888888888888889,7,0.3888888888888889
well_id,well_id=W_19.6_79.85,29,10,0.3448275862068966,10,0.3448275862068966
well_id,well_id=W_19.6_80.2333,23,5,0.21739130434782608,5,0.21739130434782608
well_id,well_id=W_19.7086_77.1542,20,13,0.65,13,0.65
well_id,well_id=W_19.7167_74.4833,25,10,0.4,10,0.4
well_id,well_id=W_19.7228_79.6931,20,7,0.35,7,0.35
well_id,well_id=W_19.7333_78.6458,35,19,0.5428571428571428,19,0.5428571428571428
well_id,well_id=W_19.7344_78.9956,5,2,0.4,2,0.4
well_id,well_id=W_19.7433_79.2494,20,10,0.5,10,0.5
well_id,well_id=W_19.7667_76.8,28,11,0.39285714285714285,11,0.39285714285714285
well_id,well_id=W_19.7708_76.9569,26,14,0.5384615384615384,14,0.5384615384615384
well_id,well_id=W_19.7972_74.8736,4,0,0.0,0,0.0
well_id,well_id=W_19.8039_74.2489,27,12,0.4444444444444444,12,0.4444444444444444
well_id,well_id=W_19.8056_77.9222,18,4,0.2222222222222222,4,0.2222222222222222
well_id,well_id=W_19.8117_78.8542,22,9,0.4090909090909091,9,0.4090909090909091
well_id,well_id=W_19.8294_78.6342,17,11,0.6470588235294118,11,0.6470588235294118
well_id,well_id=W_19.8319_76.2611,7,0,0.0,0,0.0
well_id,well_id=W_19.8333_75.8833,4,0,0.0,0,0.0
well_id,well_id=W_19.8411_74.1097,22,12,0.5454545454545454,12,0.5454545454545454
well_id,well_id=W_19.8447_74.0833,27,11,0.4074074074074074,11,0.4074074074074074
well_id,well_id=W_19.8692_79.1269,1,0,0.0,0,0.0
well_id,well_id=W_19.8728_73.8811,21,10,0.47619047619047616,10,0.47619047619047616
well_id,well_id=W_19.8833_73.1667,28,13,0.4642857142857143,13,0.4642857142857143
well_id,well_id=W_19.8847_74.475,25,11,0.44,11,0.44
well_id,well_id=W_19.8861_75.315,16,8,0.5,8,0.5
well_id,well_id=W_19.8889_73.6958,26,10,0.38461538461538464,10,0.38461538461538464
well_id,well_id=W_19.8947_75.2719,15,3,0.2,3,0.2
well_id,well_id=W_19.9003_75.3225,13,9,0.6923076923076923,9,0.6923076923076923
well_id,well_id=W_19.9167_76.0389,21,11,0.5238095238095238,11,0.5238095238095238
well_id,well_id=W_19.9333_79.8833,27,11,0.4074074074074074,11,0.4074074074074074
well_id,well_id=W_19.9444_72.8667,29,10,0.3448275862068966,10,0.3448275862068966
well_id,well_id=W_19.9558_78.1125,19,8,0.42105263157894735,8,0.42105263157894735
well_id,well_id=W_19.9583_77.3667,27,12,0.4444444444444444,12,0.4444444444444444
well_id,well_id=W_19.9833_72.7333,20,10,0.5,10,0.5
well_id,well_id=W_20.025_75.7847,4,0,0.0,0,0.0
well_id,well_id=W_20.0397_76.6958,14,11,0.7857142857142857,11,0.7857142857142857
well_id,well_id=W_20.0569_73.0389,29,10,0.3448275862068966,10,0.3448275862068966
well_id,well_id=W_20.05_77.2667,5,0,0.0,0,0.0
well_id,well_id=W_20.0639_74.1111,22,9,0.4090909090909091,9,0.4090909090909091
well_id,well_id=W_20.0653_80.0014,29,12,0.41379310344827586,12,0.41379310344827586
well_id,well_id=W_20.0722_76.3339,38,22,0.5789473684210527,22,0.5789473684210527
well_id,well_id=W_20.075_78.25,29,12,0.41379310344827586,12,0.41379310344827586
well_id,well_id=W_20.0833_75.15,24,7,0.2916666666666667,7,0.2916666666666667
well_id,well_id=W_20.0833_77.8333,28,14,0.5,14,0.5
well_id,well_id=W_20.0875_76.5347,28,12,0.42857142857142855,12,0.42857142857142855
well_id,well_id=W_20.1031_78.5056,28,12,0.42857142857142855,12,0.42857142857142855
well_id,well_id=W_20.1083_74.225,20,7,0.35,7,0.35
well_id,well_id=W_20.1083_79.1167,28,12,0.42857142857142855,12,0.42857142857142855
well_id,well_id=W_20.1261_78.8936,14,9,0.6428571428571429,9,0.6428571428571429
well_id,well_id=W_20.1264_73.0686,24,10,0.4166666666666667,10,0.4166666666666667
well_id,well_id=W_20.1333_78.3167,24,10,0.4166666666666667,10,0.4166666666666667
well_id,well_id=W_20.1428_78.3194,26,11,0.4230769230769231,11,0.4230769230769231
well_id,well_id=W_20.1767_73.7,28,10,0.35714285714285715,10,0.35714285714285715
well_id,well_id=W_20.1833_77.2667,28,14,0.5,14,0.5
well_id,well_id=W_20.1_79.75,30,13,0.43333333333333335,13,0.43333333333333335
well_id,well_id=W_20.2208_77.5511,30,15,0.5,15,0.5
well_id,well_id=W_20.2256_73.0275,6,2,0.3333333333333333,2,0.3333333333333333
well_id,well_id=W_20.2292_80.0167,1,0,0.0,0,0.0
well_id,well_id=W_20.2589_79.2347,12,9,0.75,9,0.75
well_id,well_id=W_20.2625_77.4125,18,11,0.6111111111111112,11,0.6111111111111112
well_id,well_id=W_20.2667_76.1333,19,8,0.42105263157894735,8,0.42105263157894735
well_id,well_id=W_20.2772_75.7044,20,11,0.55,11,0.55
well_id,well_id=W_20.2922_77.0722,27,15,0.5555555555555556,15,0.5555555555555556
well_id,well_id=W_20.2975_75.6539,15,10,0.6666666666666666,10,0.6666666666666666
well_id,well_id=W_20.2_73.8167,28,10,0.35714285714285715,10,0.35714285714285715
well_id,well_id=W_20.2_77.9833,28,10,0.35714285714285715,10,0.35714285714285715
well_id,well_id=W_20.3014_80.8739,4,3,0.75,3,0.75
well_id,well_id=W_20.3058_80.1317,17,10,0.5882352941176471,10,0.5882352941176471
well_id,well_id=W_20.305_78.6292,29,13,0.4482758620689655,13,0.4482758620689655
well_id,well_id=W_20.3072_77.5617,15,13,0.8666666666666667,13,0.8666666666666667
well_id,well_id=W_20.3083_74.6583,29,11,0.3793103448275862,11,0.3793103448275862
well_id,well_id=W_20.3092_73.1594,1,0,0.0,0,0.0
well_id,well_id=W_20.3114_77.7706,29,14,0.4827586206896552,14,0.4827586206896552
well_id,well_id=W_20.3167_78.3,29,12,0.41379310344827586,12,0.41379310344827586
well_id,well_id=W_20.3472_76.6333,28,12,0.42857142857142855,12,0.42857142857142855
well_id,well_id=W_20.3481_77.9108,13,12,0.9230769230769231,12,0.9230769230769231
well_id,well_id=W_20.3583_78.2417,29,12,0.41379310344827586,12,0.41379310344827586
well_id,well_id=W_20.3658_73.18,6,4,0.6666666666666666,4,0.6666666666666666
well_id,well_id=W_20.3872_78.1986,26,12,0.46153846153846156,12,0.46153846153846156
well_id,well_id=W_20.3958_77.5083,16,14,0.875,14,0.875
well_id,well_id=W_20.4028_72.8444,29,10,0.3448275862068966,10,0.3448275862068966
well_id,well_id=W_20.4083_79.0,29,12,0.41379310344827586,12,0.41379310344827586
well_id,well_id=W_20.4083_79.6583,25,9,0.36,9,0.36
well_id,well_id=W_20.4167_78.5167,1,0,0.0,0,0.0
well_id,well_id=W_20.4222_78.2736,29,12,0.41379310344827586,12,0.41379310344827586
well_id,well_id=W_20.4353_72.8311,27,10,0.37037037037037035,10,0.37037037037037035
well_id,well_id=W_20.435_78.5978,28,14,0.5,14,0.5
well_id,well_id=W_20.4636_72.9181,30,10,0.3333333333333333,10,0.3333333333333333
well_id,well_id=W_20.4667_73.9833,20,9,0.45,9,0.45
well_id,well_id=W_20.4792_74.9625,3,0,0.0,0,0.0
well_id,well_id=W_20.4833_77.4833,26,14,0.5384615384615384,14,0.5384615384615384
well_id,well_id=W_20.4861_77.4825,27,12,0.4444444444444444,12,0.4444444444444444
well_id,well_id=W_20.4875_76.2972,29,12,0.41379310344827586,12,0.41379310344827586
well_id,well_id=W_20.4917_79.3917,28,12,0.42857142857142855,12,0.42857142857142855
well_id,well_id=W_20.4_76.0,28,13,0.4642857142857143,13,0.4642857142857143
well_id,well_id=W_20.5056_77.7903,29,14,0.4827586206896552,14,0.4827586206896552
well_id,well_id=W_20.5167_76.05,28,13,0.4642857142857143,13,0.4642857142857143
well_id,well_id=W_20.5178_75.9364,19,11,0.5789473684210527,11,0.5789473684210527
well_id,well_id=W_20.5208_80.2333,18,10,0.5555555555555556,10,0.5555555555555556
well_id,well_id=W_20.5308_73.1625,27,14,0.5185185185185185,14,0.5185185185185185
well_id,well_id=W_20.5417_79.4583,30,13,0.43333333333333335,13,0.43333333333333335
well_id,well_id=W_20.5461_79.1064,30,13,0.43333333333333335,13,0.43333333333333335
well_id,well_id=W_20.5556_74.3486,26,8,0.3076923076923077,8,0.3076923076923077
well_id,well_id=W_20.5583_76.6456,27,12,0.4444444444444444,12,0.4444444444444444
well_id,well_id=W_20.5761_77.0703,17,3,0.17647058823529413,3,0.17647058823529413
well_id,well_id=W_20.5931_75.7083,14,10,0.7142857142857143,10,0.7142857142857143
well_id,well_id=W_20.6056_72.9278,23,7,0.30434782608695654,7,0.30434782608695654
well_id,well_id=W_20.6272_80.0406,29,13,0.4482758620689655,13,0.4482758620689655
well_id,well_id=W_20.6333_74.4042,28,10,0.35714285714285715,10,0.35714285714285715
well_id,well_id=W_20.6333_74.4447,21,11,0.5238095238095238,11,0.5238095238095238
well_id,well_id=W_20.6417_73.6917,1,0,0.0,0,0.0
well_id,well_id=W_20.6531_75.4453,5,0,0.0,0,0.0
well_id,well_id=W_20.655_78.775,30,14,0.4666666666666667,14,0.4666666666666667
well_id,well_id=W_20.65_78.9292,28,13,0.4642857142857143,13,0.4642857142857143
well_id,well_id=W_20.6667_75.2333,1,0,0.0,0,0.0
well_id,well_id=W_20.6667_76.7667,21,7,0.3333333333333333,7,0.3333333333333333
well_id,well_id=W_20.6719_75.2256,17,11,0.6470588235294118,11,0.6470588235294118
well_id,well_id=W_20.6833_73.725,30,12,0.4,12,0.4
well_id,well_id=W_20.6886_72.9494,17,8,0.47058823529411764,8,0.47058823529411764
well_id,well_id=W_20.6_72.9,29,10,0.3448275862068966,10,0.3448275862068966
well_id,well_id=W_20.6_73.7458,28,11,0.39285714285714285,11,0.39285714285714285
well_id,well_id=W_20.7256_78.3169,19,16,0.8421052631578947,16,0.8421052631578947
well_id,well_id=W_20.7306_75.1,28,10,0.35714285714285715,10,0.35714285714285715
well_id,well_id=W_20.7333_78.45,28,14,0.5,14,0.5
well_id,well_id=W_20.7542_78.3958,1,0,0.0,0,0.0
well_id,well_id=W_20.7583_73.6833,29,12,0.41379310344827586,12,0.41379310344827586
well_id,well_id=W_20.7667_77.7,27,15,0.5555555555555556,15,0.5555555555555556
well_id,well_id=W_20.775_73.3792,1,0,0.0,0,0.0
well_id,well_id=W_20.775_79.0125,30,12,0.4,12,0.4
well_id,well_id=W_20.775_79.6264,30,13,0.43333333333333335,13,0.43333333333333335
well_id,well_id=W_20.7822_74.1417,27,13,0.48148148148148145,13,0.48148148148148145
well_id,well_id=W_20.7897_75.4556,27,12,0.4444444444444444,12,0.4444444444444444
well_id,well_id=W_20.805_73.2667,29,14,0.4827586206896552,14,0.4827586206896552
well_id,well_id=W_20.8067_73.2275,9,7,0.7777777777777778,7,0.7777777777777778
well_id,well_id=W_20.8067_78.8856,30,14,0.4666666666666667,14,0.4666666666666667
well_id,well_id=W_20.8069_76.825,27,12,0.4444444444444444,12,0.4444444444444444
well_id,well_id=W_20.8528_75.1,6,0,0.0,0,0.0
well_id,well_id=W_20.8539_75.6639,29,11,0.3793103448275862,11,0.3793103448275862
well_id,well_id=W_20.85_73.3417,23,7,0.30434782608695654,7,0.30434782608695654
well_id,well_id=W_20.85_78.5167,28,13,0.4642857142857143,13,0.4642857142857143
well_id,well_id=W_20.8625_76.3367,28,13,0.4642857142857143,13,0.4642857142857143
well_id,well_id=W_20.8644_78.9697,19,6,0.3157894736842105,6,0.3157894736842105
well_id,well_id=W_20.8667_73.6167,29,13,0.4482758620689655,13,0.4482758620689655
well_id,well_id=W_20.8717_76.2667,23,13,0.5652173913043478,13,0.5652173913043478
well_id,well_id=W_20.8844_76.2031,27,13,0.48148148148148145,13,0.48148148148148145
well_id,well_id=W_20.9072_78.29,14,12,0.8571428571428571,12,0.8571428571428571
well_id,well_id=W_20.9083_78.7167,30,14,0.4666666666666667,14,0.4666666666666667
well_id,well_id=W_20.9144_78.9439,29,15,0.5172413793103449,15,0.5172413793103449
well_id,well_id=W_20.9167_73.6792,29,12,0.41379310344827586,12,0.41379310344827586
well_id,well_id=W_20.9167_74.6333,13,2,0.15384615384615385,2,0.15384615384615385
well_id,well_id=W_20.9167_75.3333,29,11,0.3793103448275862,11,0.3793103448275862
well_id,well_id=W_20.9236_74.3772,15,11,0.7333333333333333,11,0.7333333333333333
well_id,well_id=W_20.9269_77.2631,24,11,0.4583333333333333,11,0.4583333333333333
well_id,well_id=W_20.9333_78.05,29,14,0.4827586206896552,14,0.4827586206896552
well_id,well_id=W_20.9342_77.7819,27,16,0.5925925925925926,16,0.5925925925925926
well_id,well_id=W_20.9417_74.5167,1,0,0.0,0,0.0
well_id,well_id=W_20.9567_77.7575,21,14,0.6666666666666666,14,0.6666666666666666
well_id,well_id=W_20.95_72.9333,18,3,0.16666666666666666,3,0.16666666666666666
well_id,well_id=W_20.95_79.8,30,11,0.36666666666666664,11,0.36666666666666664
well_id,well_id=W_20.9608_75.6164,23,9,0.391304347826087,9,0.391304347826087
well_id,well_id=W_20.9614_78.3683,27,14,0.5185185185185185,14,0.5185185185185185
well_id,well_id=W_20.9861_77.0208,29,14,0.4827586206896552,14,0.4827586206896552
well_id,well_id=W_20.9917_79.0333,18,5,0.2777777777777778,5,0.2777777777777778
well_id,well_id=W_20.9947_77.4586,25,15,0.6,15,0.6
well_id,well_id=W_20.9_80.3,2,0,0.0,0,0.0
well_id,well_id=W_21.0042_73.8561,23,10,0.43478260869565216,10,0.43478260869565216
well_id,well_id=W_21.0403_79.6764,27,9,0.3333333333333333,9,0.3333333333333333
well_id,well_id=W_21.05_76.0333,29,12,0.41379310344827586,12,0.41379310344827586
well_id,well_id=W_21.0667_79.8333,24,10,0.4166666666666667,10,0.4166666666666667
well_id,well_id=W_21.0667_80.15,29,12,0.41379310344827586,12,0.41379310344827586
well_id,well_id=W_21.0678_80.6761,21,7,0.3333333333333333,7,0.3333333333333333
well_id,well_id=W_21.0694_77.3178,1,1,1.0,1,1.0
well_id,well_id=W_21.0758_80.3667,29,12,0.41379310344827586,12,0.41379310344827586
well_id,well_id=W_21.0778_72.9917,31,11,0.3548387096774194,11,0.3548387096774194
well_id,well_id=W_21.0828_80.6383,21,10,0.47619047619047616,10,0.47619047619047616
well_id,well_id=W_21.0917_72.725,29,10,0.3448275862068966,10,0.3448275862068966
well_id,well_id=W_21.0997_80.7014,29,12,0.41379310344827586,12,0.41379310344827586
well_id,well_id=W_21.1022_80.0036,28,12,0.42857142857142855,12,0.42857142857142855
well_id,well_id=W_21.1064_74.7297,23,11,0.4782608695652174,11,0.4782608695652174
well_id,well_id=W_21.1167_73.1,29,11,0.3793103448275862,11,0.3793103448275862
well_id,well_id=W_21.1219_78.3731,16,7,0.4375,7,0.4375
well_id,well_id=W_21.125_79.675,29,11,0.3793103448275862,11,0.3793103448275862
well_id,well_id=W_21.1264_79.1056,25,12,0.48,12,0.48
well_id,well_id=W_21.1294_78.715,5,0,0.0,0,0.0
well_id,well_id=W_21.1333_78.65,13,1,0.07692307692307693,1,0.07692307692307693
well_id,well_id=W_21.1389_75.9694,28,11,0.39285714285714285,11,0.39285714285714285
well_id,well_id=W_21.1439_77.1364,24,13,0.5416666666666666,13,0.5416666666666666
well_id,well_id=W_21.1467_80.8078,4,0,0.0,0,0.0
well_id,well_id=W_21.1608_79.1692,27,11,0.4074074074074074,11,0.4074074074074074
well_id,well_id=W_21.1625_73.7689,1,0,0.0,0,0.0
well_id,well_id=W_21.1642_73.6956,23,11,0.4782608695652174,11,0.4782608695652174
well_id,well_id=W_21.1792_80.0042,30,12,0.4,12,0.4
well_id,well_id=W_21.1858_78.9567,15,11,0.7333333333333333,11,0.7333333333333333
well_id,well_id=W_21.2019_78.9683,15,13,0.8666666666666667,13,0.8666666666666667
well_id,well_id=W_21.2167_74.8167,27,11,0.4074074074074074,11,0.4074074074074074
well_id,well_id=W_21.2194_80.8256,23,9,0.391304347826087,9,0.391304347826087
well_id,well_id=W_21.2214_73.2189,22,9,0.4090909090909091,9,0.4090909090909091
well_id,well_id=W_21.2333_78.9167,30,15,0.5,15,0.5
well_id,well_id=W_21.2417_77.8167,29,15,0.5172413793103449,15,0.5172413793103449
well_id,well_id=W_21.2483_73.0256,25,9,0.36,9,0.36
well_id,well_id=W_21.2486_77.5522,11,11,1.0,11,1.0
well_id,well_id=W_21.2486_79.6647,26,9,0.34615384615384615,9,0.34615384615384615
well_id,well_id=W_21.2542_75.7417,21,7,0.3333333333333333,7,0.3333333333333333
well_id,well_id=W_21.2625_76.9806,14,5,0.35714285714285715,5,0.35714285714285715
well_id,well_id=W_21.2769_74.2086,27,13,0.48148148148148145,13,0.48148148148148145
well_id,well_id=W_21.2833_79.6833,57,19,0.3333333333333333,19,0.3333333333333333
well_id,well_id=W_21.3236_74.5733,30,13,0.43333333333333335,13,0.43333333333333335
well_id,well_id=W_21.3292_77.9097,6,0,0.0,0,0.0
well_id,well_id=W_21.3303_78.01,6,0,0.0,0,0.0
well_id,well_id=W_21.3311_76.2336,22,16,0.7272727272727273,16,0.7272727272727273
well_id,well_id=W_21.3369_76.4867,27,17,0.6296296296296297,17,0.6296296296296297
well_id,well_id=W_21.3378_74.4925,11,8,0.7272727272727273,8,0.7272727272727273
well_id,well_id=W_21.3519_78.4622,12,5,0.4166666666666667,5,0.4166666666666667
well_id,well_id=W_21.3803_73.0042,28,12,0.42857142857142855,12,0.42857142857142855
well_id,well_id=W_21.3808_73.0764,16,7,0.4375,7,0.4375
well_id,well_id=W_21.3833_78.0597,25,10,0.4,10,0.4
well_id,well_id=W_21.3833_79.5833,28,10,0.35714285714285715,10,0.35714285714285715
well_id,well_id=W_21.3972_79.6722,27,9,0.3333333333333333,9,0.3333333333333333
well_id,well_id=W_21.3978_80.6269,24,12,0.5,12,0.5
well_id,well_id=W_21.4036_77.3297,17,15,0.8823529411764706,15,0.8823529411764706
well_id,well_id=W_21.4069_78.0417,1,0,0.0,0,0.0
well_id,well_id=W_21.4264_76.3506,30,15,0.5,15,0.5
well_id,well_id=W_21.4292_77.0944,22,11,0.5,11,0.5
well_id,well_id=W_21.4492_73.4867,16,11,0.6875,11,0.6875
well_id,well_id=W_21.4542_73.1983,28,13,0.4642857142857143,13,0.4642857142857143
well_id,well_id=W_21.4556_74.6178,26,13,0.5,13,0.5
well_id,well_id=W_21.4556_78.1389,10,0,0.0,0,0.0
well_id,well_id=W_21.4633_80.3653,26,10,0.38461538461538464,10,0.38461538461538464
well_id,well_id=W_21.4667_72.9528,43,13,0.3023255813953488,13,0.3023255813953488
well_id,well_id=W_21.4667_78.5333,29,13,0.4482758620689655,13,0.4482758620689655
well_id,well_id=W_21.4881_73.8831,17,11,0.6470588235294118,11,0.6470588235294118
well_id,well_id=W_21.5042_80.5361,11,0,0.0,0,0.0
well_id,well_id=W_21.5292_73.3542,13,1,0.07692307692307693,1,0.07692307692307693
well_id,well_id=W_21.5292_76.3106,31,16,0.5161290322580645,16,0.5161290322580645
well_id,well_id=W_21.5306_76.7758,28,15,0.5357142857142857,15,0.5357142857142857
well_id,well_id=W_21.5333_73.9333,24,11,0.4583333333333333,11,0.4583333333333333
well_id,well_id=W_21.5394_74.0694,11,10,0.9090909090909091,10,0.9090909090909091
well_id,well_id=W_21.5725_73.1553,5,2,0.4,2,0.4
well_id,well_id=W_21.5878_78.7314,31,16,0.5161290322580645,16,0.5161290322580645
well_id,well_id=W_21.5958_73.1692,16,12,0.75,12,0.75
well_id,well_id=W_21.5994_78.1283,3,0,0.0,0,0.0
well_id,well_id=W_21.5_77.2042,28,15,0.5357142857142857,15,0.5357142857142857
well_id,well_id=W_21.61_73.6525,21,13,0.6190476190476191,13,0.6190476190476191
well_id,well_id=W_21.61_73.7633,13,9,0.6923076923076923,9,0.6923076923076923
well_id,well_id=W_21.6306_79.8389,34,16,0.47058823529411764,16,0.47058823529411764
well_id,well_id=W_21.6333_73.5833,9,2,0.2222222222222222,2,0.2222222222222222
well_id,well_id=W_21.6519_78.8028,58,32,0.5517241379310345,32,0.5517241379310345
well_id,well_id=W_21.6644_80.0172,32,14,0.4375,14,0.4375
well_id,well_id=W_21.6886_76.1978,31,14,0.45161290322580644,14,0.45161290322580644
well_id,well_id=W_21.705_80.225,18,6,0.3333333333333333,6,0.3333333333333333
well_id,well_id=W_21.7078_72.8306,28,13,0.4642857142857143,13,0.4642857142857143
well_id,well_id=W_21.7333_79.3417,1,0,0.0,0,0.0
well_id,well_id=W_21.7533_74.3525,28,12,0.42857142857142855,12,0.42857142857142855
well_id,well_id=W_21.775_78.2556,32,14,0.4375,14,0.4375
well_id,well_id=W_21.7792_78.2572,8,0,0.0,0,0.0
well_id,well_id=W_21.7875_74.0478,27,13,0.48148148148148145,13,0.48148148148148145
well_id,well_id=W_21.8064_79.5008,27,13,0.48148148148148145,13,0.48148148148148145
well_id,well_id=W_21.8089_75.1753,32,14,0.4375,14,0.4375
well_id,well_id=W_21.8128_80.1836,30,13,0.43333333333333335,13,0.43333333333333335
well_id,well_id=W_21.8214_75.4506,31,14,0.45161290322580644,14,0.45161290322580644
well_id,well_id=W_21.8214_79.0131,31,15,0.4838709677419355,15,0.4838709677419355
well_id,well_id=W_21.8567_77.8028,27,13,0.48148148148148145,13,0.48148148148148145
well_id,well_id=W_21.8678_76.5661,26,15,0.5769230769230769,15,0.5769230769230769
well_id,well_id=W_21.875_73.5,29,13,0.4482758620689655,13,0.4482758620689655
well_id,well_id=W_21.8822_78.5186,31,15,0.4838709677419355,15,0.4838709677419355
well_id,well_id=W_21.9111_77.8981,10,2,0.2,2,0.2
well_id,well_id=W_21.9347_75.1364,31,14,0.45161290322580644,14,0.45161290322580644
well_id,well_id=W_21.9472_79.7119,31,12,0.3870967741935484,12,0.3870967741935484
well_id,well_id=W_21.9625_78.9378,32,16,0.5,16,0.5
well_id,well_id=W_21.9828_76.4639,31,15,0.4838709677419355,15,0.4838709677419355
well_id,well_id=W_21.9833_76.4639,2,0,0.0,0,0.0
year+season,year=2013 | season=monsoon,444,0,0.0,0,0.0
year+season,year=2013 | season=post-monsoon,1169,0,0.0,0,0.0
year+season,year=2013 | season=pre-monsoon,398,0,0.0,0,0.0
year+season,year=2014 | season=monsoon,506,0,0.0,0,0.0
year+season,year=2014 | season=post-monsoon,1026,11,0.010721247563352826,11,0.010721247563352826
year+season,year=2014 | season=pre-monsoon,499,0,0.0,0,0.0
year+season,year=2015 | season=monsoon,520,11,0.021153846153846155,11,0.021153846153846155
year+season,year=2015 | season=post-monsoon,1063,88,0.08278457196613359,88,0.08278457196613359
year+season,year=2015 | season=pre-monsoon,553,12,0.0216998191681736,12,0.0216998191681736
year+season,year=2016 | season=monsoon,549,3,0.00546448087431694,3,0.00546448087431694
year+season,year=2016 | season=post-monsoon,784,625,0.7971938775510204,625,0.7971938775510204
year+season,year=2016 | season=pre-monsoon,479,251,0.524008350730689,251,0.524008350730689
year+season,year=2017 | season=monsoon,547,105,0.19195612431444242,105,0.19195612431444242
year+season,year=2017 | season=post-monsoon,1291,1192,0.9233152594887684,1192,0.9233152594887684
year+season,year=2017 | season=pre-monsoon,556,342,0.6151079136690647,342,0.6151079136690647
year+season,year=2018 | season=monsoon,544,64,0.11764705882352941,64,0.11764705882352941
year+season,year=2018 | season=post-monsoon,820,797,0.9719512195121951,797,0.9719512195121951
year+season,year=2018 | season=pre-monsoon,558,105,0.1881720430107527,105,0.1881720430107527
year+season,year=2019 | season=monsoon,550,82,0.14909090909090908,82,0.14909090909090908
year+season,year=2019 | season=post-monsoon,1095,1095,1.0,1095,1.0
year+season,year=2019 | season=pre-monsoon,523,424,0.8107074569789675,424,0.8107074569789675
year+season,year=2020 | season=monsoon,89,43,0.48314606741573035,43,0.48314606741573035
year+season,year=2020 | season=post-monsoon,946,946,1.0,946,1.0
year+season,year=2021 | season=post-monsoon,564,564,1.0,564,1.0
season+region,season=monsoon | region=NE,984,140,0.14227642276422764,140,0.14227642276422764
season+region,season=monsoon | region=NW,870,83,0.09540229885057472,83,0.09540229885057472
season+region,season=monsoon | region=SE,1052,80,0.07604562737642585,80,0.07604562737642585
season+region,season=monsoon | region=SW,843,5,0.005931198102016607,5,0.005931198102016607
season+region,season=post-monsoon | region=NE,2185,1284,0.5876430205949656,1284,0.5876430205949656
season+region,season=post-monsoon | region=NW,1924,1240,0.6444906444906445,1240,0.6444906444906445
season+region,season=post-monsoon | region=SE,2699,1631,0.6042978881067061,1631,0.6042978881067061
season+region,season=post-monsoon | region=SW,1950,1163,0.5964102564102564,1163,0.5964102564102564
season+region,season=pre-monsoon | region=NE,942,415,0.440552016985138,415,0.440552016985138
season+region,season=pre-monsoon | region=NW,815,265,0.32515337423312884,265,0.32515337423312884
season+region,season=pre-monsoon | region=SE,1022,303,0.2964774951076321,303,0.2964774951076321
season+region,season=pre-monsoon | region=SW,787,151,0.19186785260482847,151,0.19186785260482847
