experiment,model,cv_type,fold,n,rmse,mae,r2,bias,corr
A,seasonal_median,random,0,12383,0.1146331446545236,0.08942720323521358,0.6291685732456007,-0.007208771756436245,0.8038095692808823
A,seasonal_median,random,1,12383,0.1146289789803483,0.08927908141357635,0.6316579393865867,-0.005737452313694902,0.8048665086428697
A,seasonal_median,random,2,12383,0.11379063521214167,0.08893656746794663,0.6435277917169415,-0.005074857380606396,0.8118117546783943
A,seasonal_median,random,3,12382,0.11460185021093347,0.089386852343644,0.6329853704563739,-0.008092428250104991,0.8066317249355363
A,seasonal_median,random,4,12382,0.11303785159999653,0.08860865092270068,0.6437186604108835,-0.0054709373515354565,0.8134256992581133
A,seasonal_median,spatial_block,0,12395,0.1722738511304571,0.13920286852471966,-0.016209323579752244,-0.02175756154869705,-1.270482067378387e-16
A,seasonal_median,spatial_block,1,12369,0.2098353016310878,0.15712071282465845,-0.022373135749774287,0.031041111781728498,
A,seasonal_median,spatial_block,2,12409,0.2175394382313829,0.15911842995139816,-0.04210325908676582,0.043726073747030365,
A,seasonal_median,spatial_block,3,12398,0.17785539146026597,0.13832833534187772,-0.0012241825661118977,-0.006219055959945167,
A,seasonal_median,spatial_block,4,12342,0.1667615833250686,0.13205307113825443,-0.0061117704491109315,0.012997397827607836,2.5018981048757556e-16
A,seasonal_median,temporal_holdout,0,20051,0.13590132988961848,0.11000522666887018,0.47756385984392247,-0.09412091441339004,0.8614403315848939
A,random_forest,random,0,12383,0.06086597308062459,0.04500412991956745,0.895454520540594,0.0002218470103314246,0.9464447433855763
A,random_forest,random,1,12383,0.061237853156738895,0.04525996652124963,0.8948758785694948,0.00023100887986270678,0.9461114130611943
A,random_forest,random,2,12383,0.06150141111468805,0.04534363043032659,0.895868339445984,-0.0002336404385685054,0.9466243291382909
A,random_forest,random,3,12382,0.06139113187674593,0.04489827637315284,0.8946798670389073,0.00016517253549855072,0.9460108239936194
A,random_forest,random,4,12382,0.0614873526711159,0.04516943757892072,0.8945814891444783,-0.00029414234513017206,0.9458642126751344
A,random_forest,spatial_block,0,12395,0.08751009232729626,0.06592244202539534,0.7377830662871081,-0.004590485087716256,0.859856504716188
A,random_forest,spatial_block,1,12369,0.0767353364250459,0.0584546237039618,0.8632765132682569,0.0021244882581480215,0.9292729754381039
A,random_forest,spatial_block,2,12409,0.07899496434398362,0.057778344855004105,0.8625851830912558,0.0046913480682987604,0.9290220766810127
A,random_forest,spatial_block,3,12398,0.08726445440413398,0.06428805789316172,0.7589694918171412,-0.006008557609230173,0.8719216335793051
A,random_forest,spatial_block,4,12342,0.07821639457213926,0.05987382562890777,0.778665152303222,-0.0026976875919077314,0.8826846653340352
A,random_forest,temporal_holdout,0,20051,0.09979563608971924,0.078347613691926,0.7182856950540323,-0.005641957365227622,0.8482685274307828
A,hist_gradient_boosting,random,0,12383,0.06837030030195818,0.05220000697317517,0.8680859377776148,0.00016032240706257794,0.9319702056363804
A,hist_gradient_boosting,random,1,12383,0.0685911639118192,0.05273168348544932,0.8681139655939345,-9.198635724513687e-05,0.9319619091877386
A,hist_gradient_boosting,random,2,12383,0.06909742585060819,0.05277655398978968,0.8685573307258615,-0.0006297283806374015,0.932192563910806
A,hist_gradient_boosting,random,3,12382,0.06905598146863866,0.052447673001818414,0.8667391062203731,-4.926799427718655e-05,0.9312546059487895
A,hist_gradient_boosting,random,4,12382,0.06867718866505411,0.05234110200786593,0.868486509440789,0.00016152883495344748,0.9320070437966386
A,hist_gradient_boosting,spatial_block,0,12395,0.08612882923205252,0.06624256334849984,0.7459954255262264,-0.0038181414891141105,0.8640361309173097
A,hist_gradient_boosting,spatial_block,1,12369,0.07626482135854873,0.05966126139797275,0.8649480569703571,0.0029181347977036186,0.9301913299679919
A,hist_gradient_boosting,spatial_block,2,12409,0.07902993319284325,0.057774376954634825,0.862463496814787,0.006932646075920978,0.9292598479641623
A,hist_gradient_boosting,spatial_block,3,12398,0.0872497435364515,0.06559819025895787,0.7590507498521175,-0.0058307207795746715,0.8718596481723188
A,hist_gradient_boosting,spatial_block,4,12342,0.07981041879983944,0.06155347647981395,0.7695517632547909,-0.0034312650204382567,0.8775012632081965
A,hist_gradient_boosting,temporal_holdout,0,20051,0.09376228815028641,0.07297251036827476,0.7513192357827598,0.0007766912187926577,0.866959783937855
B,seasonal_median,random,0,12383,0.1146331446545236,0.08942720323521358,0.6291685732456007,-0.007208771756436245,0.8038095692808823
B,seasonal_median,random,1,12383,0.1146289789803483,0.08927908141357635,0.6316579393865867,-0.005737452313694902,0.8048665086428697
B,seasonal_median,random,2,12383,0.11379063521214167,0.08893656746794663,0.6435277917169415,-0.005074857380606396,0.8118117546783943
B,seasonal_median,random,3,12382,0.11460185021093347,0.089386852343644,0.6329853704563739,-0.008092428250104991,0.8066317249355363
B,seasonal_median,random,4,12382,0.11303785159999653,0.08860865092270068,0.6437186604108835,-0.0054709373515354565,0.8134256992581133
B,seasonal_median,spatial_block,0,12395,0.1722738511304571,0.13920286852471966,-0.016209323579752244,-0.02175756154869705,-1.270482067378387e-16
B,seasonal_median,spatial_block,1,12369,0.2098353016310878,0.15712071282465845,-0.022373135749774287,0.031041111781728498,
B,seasonal_median,spatial_block,2,12409,0.2175394382313829,0.15911842995139816,-0.04210325908676582,0.043726073747030365,
B,seasonal_median,spatial_block,3,12398,0.17785539146026597,0.13832833534187772,-0.0012241825661118977,-0.006219055959945167,
B,seasonal_median,spatial_block,4,12342,0.1667615833250686,0.13205307113825443,-0.0061117704491109315,0.012997397827607836,2.5018981048757556e-16
B,seasonal_median,temporal_holdout,0,20051,0.13590132988961848,0.11000522666887018,0.47756385984392247,-0.09412091441339004,0.8614403315848939
B,random_forest,random,0,12383,0.05350473649857467,0.03780680644073038,0.9192131678597361,-0.00012832678434948838,0.9588283316293228
B,random_forest,random,1,12383,0.05360906452316055,0.03779028657235926,0.9194363891712831,0.0005646969545925592,0.9589714364554561
B,random_forest,random,2,12383,0.053937891258504456,0.03812323701726387,0.919905893721621,-7.184666313295162e-05,0.959218328898007
B,random_forest,random,3,12382,0.053491004062756656,0.03782607886034476,0.9200420561643664,0.0006592894755762379,0.9593339312315555
B,random_forest,random,4,12382,0.053581998171887704,0.037584092792380064,0.9199459888097372,-0.0001203995292520081,0.9592183974643788
B,random_forest,spatial_block,0,12395,0.10589808028555898,0.08334544275043863,0.6160093716695489,0.0008508063172122275,0.7881991638025669
B,random_forest,spatial_block,1,12369,0.10334213588159893,0.08271872034769263,0.7520254054110458,0.014183916108684018,0.8722517299864904
B,random_forest,spatial_block,2,12409,0.10109828512794121,0.07949175019628829,0.7749275560888707,0.015875852993224266,0.8852003057556567
B,random_forest,spatial_block,3,12398,0.10439051481114475,0.08156981025662553,0.6550792357807355,-0.005368639645458172,0.812061379570451
B,random_forest,spatial_block,4,12342,0.10680696354727494,0.08566358914483742,0.5872820600932931,0.010872333567108448,0.7698998605031717
B,random_forest,temporal_holdout,0,20051,0.1533689347929649,0.123628643327707,0.3346340052147675,-0.09035025404023123,0.7811312745286741
B,hist_gradient_boosting,random,0,12383,0.05926795302794964,0.043139349090953585,0.900872084094532,0.00010139187460418547,0.9492425435177204
B,hist_gradient_boosting,random,1,12383,0.05859576738297275,0.04285948423717722,0.9037512810941766,0.0007282960572273041,0.950780259336726
B,hist_gradient_boosting,random,2,12383,0.059708354323071394,0.04349787612723479,0.9018516878069446,-0.00011635842328483835,0.9497651814878089
B,hist_gradient_boosting,random,3,12382,0.05872290461569962,0.042944668077436285,0.9036359208933434,0.0005464715934985315,0.9507744757925388
B,hist_gradient_boosting,random,4,12382,0.05881920231293867,0.04275536057712449,0.9035319392860333,3.578626984155136e-05,0.9505994880139146
B,hist_gradient_boosting,spatial_block,0,12395,0.10541704187421168,0.08396675281690764,0.6194899770263468,0.013538486136700592,0.7948104276678299
B,hist_gradient_boosting,spatial_block,1,12369,0.10232309808719424,0.08198790869380435,0.756891757164831,0.03044074323432559,0.8900912361686796
B,hist_gradient_boosting,spatial_block,2,12409,0.09711424543588985,0.07736871309755872,0.7923171528492424,0.025848467986051456,0.8992861538754282
B,hist_gradient_boosting,spatial_block,3,12398,0.10501883477978657,0.08366236466001344,0.6509146271854103,0.01419791430142833,0.8122485963872413
B,hist_gradient_boosting,spatial_block,4,12342,0.09159039834672607,0.07377413798426144,0.6965032074013728,0.012001461948071281,0.8399110793642504
B,hist_gradient_boosting,temporal_holdout,0,20051,0.14039810935503133,0.11529757141826587,0.4424185487828478,-0.08013309064843029,0.7973108780372089
